S1	E1	S2	E2	Reference	Contig	IDY	Ambiguous	Best_group
789292	1629252	840041	1	Kocuria_rhizophila_ATCC_9341_NC_010617.1	NODE_4_length_840041_cov_170.985933	99.99		True
CONTIG	NODE_4_length_840041_cov_170.985933	840041	correct
1	293921	293940	1	Kocuria_rhizophila_ATCC_9341_NC_010617.1	NODE_6_length_583329_cov_217.204329	99.99		True
fake: not a misassembly [linear representation of circular genome]
2407585	2696980	583329	293941	Kocuria_rhizophila_ATCC_9341_NC_010617.1	NODE_6_length_583329_cov_217.204329	99.99		True
CONTIG	NODE_6_length_583329_cov_217.204329	583329	correct
298612	786547	487992	1	Kocuria_rhizophila_ATCC_9341_NC_010617.1	NODE_7_length_490148_cov_195.127812	99.98		True
CONTIG	NODE_7_length_490148_cov_195.127812	490148	correct
1818770	2080666	49	261951	Kocuria_rhizophila_ATCC_9341_NC_010617.1	NODE_16_length_310147_cov_186.419908	100.0		True
local misassembly
2080664	2113273	262121	294733	Kocuria_rhizophila_ATCC_9341_NC_010617.1	NODE_16_length_310147_cov_186.419908	99.99		True
local misassembly
2113279	2118170	294961	299852	Kocuria_rhizophila_ATCC_9341_NC_010617.1	NODE_16_length_310147_cov_186.419908	100.0		True
local misassembly
2118163	2128354	299958	310147	Kocuria_rhizophila_ATCC_9341_NC_010617.1	NODE_16_length_310147_cov_186.419908	99.74		True
CONTIG	NODE_16_length_310147_cov_186.419908	310147	correct
2128371	2402134	1	273772	Kocuria_rhizophila_ATCC_9341_NC_010617.1	NODE_19_length_273772_cov_198.336285	100.0		True
CONTIG	NODE_19_length_273772_cov_198.336285	273772	correct
1629625	1748244	118620	1	Kocuria_rhizophila_ATCC_9341_NC_010617.1	NODE_40_length_118620_cov_174.473192	100.0		True
CONTIG	NODE_40_length_118620_cov_174.473192	118620	correct
1748909	1818789	1	69820	Kocuria_rhizophila_ATCC_9341_NC_010617.1	NODE_57_length_69844_cov_199.293427	99.88		True
CONTIG	NODE_57_length_69844_cov_199.293427	69844	correct
786493	789346	2854	1	Kocuria_rhizophila_ATCC_9341_NC_010617.1	NODE_129_length_2854_cov_396.855305	100.0		True
CONTIG	NODE_129_length_2854_cov_396.855305	2854	correct
