S1	E1	S2	E2	Reference	Contig	IDY	Ambiguous	Best_group
3178740	4215606	1046726	9849	NC_000964.3_NC_000964.3	NODE_1_length_1046726_cov_342.809333	99.99		True
CONTIG	NODE_1_length_1046726_cov_342.809333	1046726	correct
1996495	2152030	1	155536	NC_000964.3_NC_000964.3	NODE_2_length_1042490_cov_333.485775	100.0		True
relocation, inconsistency = 134402
2286433	3173377	155537	1042490	NC_000964.3_NC_000964.3	NODE_2_length_1042490_cov_333.485775	99.99		True
CONTIG	NODE_2_length_1042490_cov_333.485775	1042490	misassembled
952152	1981122	1	1028950	NC_000964.3_NC_000964.3	NODE_3_length_1028950_cov_334.726989	99.99		True
CONTIG	NODE_3_length_1028950_cov_334.726989	1028950	correct
260517	635471	374955	1	NC_000964.3_NC_000964.3	NODE_8_length_440772_cov_365.041507	99.99		True
local misassembly
194490	260306	440772	374956	NC_000964.3_NC_000964.3	NODE_8_length_440772_cov_365.041507	100.0		True
CONTIG	NODE_8_length_440772_cov_365.041507	440772	correct
640200	946594	1	306395	NC_000964.3_NC_000964.3	NODE_16_length_306395_cov_321.844284	100.0		True
CONTIG	NODE_16_length_306395_cov_321.844284	306395	correct
101190	160863	59674	1	NC_000964.3_NC_000964.3	NODE_67_length_59674_cov_329.467653	100.0		True
CONTIG	NODE_67_length_59674_cov_329.467653	59674	correct
35314	90495	1	55182	NC_000964.3_NC_000964.3	NODE_72_length_55182_cov_370.900013	100.0		True
CONTIG	NODE_72_length_55182_cov_370.900013	55182	correct
176276	194335	1	18063	NC_000964.3_NC_000964.3	NODE_110_length_18063_cov_490.659762	99.97		True
CONTIG	NODE_110_length_18063_cov_490.659762	18063	correct
14789	30242	1	15454	NC_000964.3_NC_000964.3	NODE_112_length_15454_cov_343.166180	100.0		True
CONTIG	NODE_112_length_15454_cov_343.166180	15454	correct
1981068	1993849	1	12782	NC_000964.3_NC_000964.3	NODE_116_length_12782_cov_363.530526	100.0		True
CONTIG	NODE_116_length_12782_cov_363.530526	12782	correct
637073	640254	1	3182	NC_000964.3_NC_000964.3	NODE_137_length_3182_cov_2832.353054	99.97		True
CONTIG	NODE_137_length_3182_cov_2832.353054	3182	correct
946697	948323	1	1627	NC_000964.3_NC_000964.3	NODE_147_length_1627_cov_2357.829517	100.0		True
CONTIG	NODE_147_length_1627_cov_2357.829517	1627	correct
165776	166459	1	685	NC_000964.3_NC_000964.3	NODE_166_length_685_cov_796.031746	99.56		True
CONTIG	NODE_166_length_685_cov_796.031746	685	correct
95300	95823	525	1	NC_000964.3_NC_000964.3	NODE_169_length_525_cov_509.700000	99.24		True
CONTIG	NODE_169_length_525_cov_509.700000	525	correct
