S1	E1	S2	E2	Reference	Contig	IDY	Ambiguous	Best_group
2286449	3173021	886567	1	NC_000964.3_NC_000964.3	NODE_1_length_2086699_cov_489.234906	99.99		True
relocation, inconsistency = 134402
951894	2152046	2086699	886568	NC_000964.3_NC_000964.3	NODE_1_length_2086699_cov_489.234906	99.99		True
CONTIG	NODE_1_length_2086699_cov_489.234906	2086699	misassembled
3178740	4215606	1	1036878	NC_000964.3_NC_000964.3	NODE_2_length_1046726_cov_448.304375	99.99		True
CONTIG	NODE_2_length_1046726_cov_448.304375	1046726	correct
176276	260306	1	84034	NC_000964.3_NC_000964.3	NODE_3_length_458989_cov_511.538932	99.99		True
local misassembly
260517	635471	84035	458989	NC_000964.3_NC_000964.3	NODE_3_length_458989_cov_511.538932	99.99		True
CONTIG	NODE_3_length_458989_cov_511.538932	458989	correct
640200	946594	1	306395	NC_000964.3_NC_000964.3	NODE_6_length_306395_cov_467.774254	100.0		True
CONTIG	NODE_6_length_306395_cov_467.774254	306395	correct
101190	160863	59674	1	NC_000964.3_NC_000964.3	NODE_67_length_59674_cov_441.305121	100.0		True
CONTIG	NODE_67_length_59674_cov_441.305121	59674	correct
35314	90495	1	55182	NC_000964.3_NC_000964.3	NODE_73_length_55182_cov_427.634571	100.0		True
CONTIG	NODE_73_length_55182_cov_427.634571	55182	correct
14789	30242	15454	1	NC_000964.3_NC_000964.3	NODE_179_length_15454_cov_418.447821	100.0		True
CONTIG	NODE_179_length_15454_cov_418.447821	15454	correct
637073	640254	3182	1	NC_000964.3_NC_000964.3	NODE_359_length_3182_cov_4415.041573	99.97		True
CONTIG	NODE_359_length_3182_cov_4415.041573	3182	correct
96392	98018	1	1627	NC_000964.3_NC_000964.3	NODE_534_length_1627_cov_3626.538804	100.0		True
CONTIG	NODE_534_length_1627_cov_3626.538804	1627	correct
165776	166459	685	1	NC_000964.3_NC_000964.3	NODE_837_length_685_cov_1301.036508	99.56		True
CONTIG	NODE_837_length_685_cov_1301.036508	685	correct
