S1	E1	S2	E2	Reference	Contig	IDY	Ambiguous	Best_group
951604	1993849	1042225	1	NC_000964.3_NC_000964.3	NODE_1_length_1042225_cov_207.063628	99.99		True
CONTIG	NODE_1_length_1042225_cov_207.063628	1042225	correct
2286433	3172926	886483	1	NC_000964.3_NC_000964.3	NODE_2_length_1042019_cov_198.404050	100.0		True
relocation, inconsistency = 134402
1996495	2152030	1042019	886484	NC_000964.3_NC_000964.3	NODE_2_length_1042019_cov_198.404050	100.0		True
CONTIG	NODE_2_length_1042019_cov_198.404050	1042019	misassembled
3178740	4154840	976111	1	NC_000964.3_NC_000964.3	NODE_3_length_976111_cov_233.381681	99.99		True
CONTIG	NODE_3_length_976111_cov_233.381681	976111	correct
260517	635488	374967	1	NC_000964.3_NC_000964.3	NODE_8_length_459001_cov_233.129438	99.98		True
local misassembly
176276	260306	459001	374968	NC_000964.3_NC_000964.3	NODE_8_length_459001_cov_233.129438	99.99		True
CONTIG	NODE_8_length_459001_cov_233.129438	459001	correct
640200	946594	1	306395	NC_000964.3_NC_000964.3	NODE_15_length_306395_cov_226.937768	100.0		True
CONTIG	NODE_15_length_306395_cov_226.937768	306395	correct
1	9710	9710	1	NC_000964.3_NC_000964.3	NODE_63_length_70160_cov_252.202154	100.0		True
fake: not a misassembly [linear representation of circular genome]
4155158	4215606	70160	9711	NC_000964.3_NC_000964.3	NODE_63_length_70160_cov_252.202154	100.0		True
CONTIG	NODE_63_length_70160_cov_252.202154	70160	correct
101190	160863	59674	1	NC_000964.3_NC_000964.3	NODE_71_length_59674_cov_233.510341	100.0		True
CONTIG	NODE_71_length_59674_cov_233.510341	59674	correct
35314	90495	1	55182	NC_000964.3_NC_000964.3	NODE_78_length_55182_cov_245.268816	100.0		True
CONTIG	NODE_78_length_55182_cov_245.268816	55182	correct
14789	30249	15461	1	NC_000964.3_NC_000964.3	NODE_118_length_15461_cov_248.007010	100.0		True
CONTIG	NODE_118_length_15461_cov_248.007010	15461	correct
637073	640254	3182	1	NC_000964.3_NC_000964.3	NODE_138_length_3182_cov_2268.274065	99.94		True
CONTIG	NODE_138_length_3182_cov_2268.274065	3182	correct
946697	948323	1	1627	NC_000964.3_NC_000964.3	NODE_150_length_1627_cov_2290.739186	100.0		True
CONTIG	NODE_150_length_1627_cov_2290.739186	1627	correct
165776	166459	1	685	NC_000964.3_NC_000964.3	NODE_166_length_685_cov_732.525397	99.56		True
CONTIG	NODE_166_length_685_cov_732.525397	685	correct
95300	95823	524	1	NC_000964.3_NC_000964.3	NODE_168_length_524_cov_445.678038	100.0		True
CONTIG	NODE_168_length_524_cov_445.678038	524	correct
