S1	E1	S2	E2	Reference	Contig	IDY	Ambiguous	Best_group
3178740	4215606	1	1036878	NC_000964.3_NC_000964.3	NODE_1_length_1046588_cov_220.312961	99.99		True
CONTIG	NODE_1_length_1046588_cov_220.312961	1046588	correct
1996495	2152030	1	155536	NC_000964.3_NC_000964.3	NODE_2_length_1042514_cov_163.439668	100.0		True
relocation, inconsistency = 134402
2286433	3173401	155537	1042514	NC_000964.3_NC_000964.3	NODE_2_length_1042514_cov_163.439668	99.99		True
CONTIG	NODE_2_length_1042514_cov_163.439668	1042514	misassembled
952152	1967640	1015468	1	NC_000964.3_NC_000964.3	NODE_3_length_1015468_cov_165.590486	100.0		True
CONTIG	NODE_3_length_1015468_cov_165.590486	1015468	correct
176276	260306	1	84034	NC_000964.3_NC_000964.3	NODE_9_length_458852_cov_211.324921	99.99		True
local misassembly
260517	635331	84035	458849	NC_000964.3_NC_000964.3	NODE_9_length_458852_cov_211.324921	99.99		True
CONTIG	NODE_9_length_458852_cov_211.324921	458852	correct
640201	946594	1	306394	NC_000964.3_NC_000964.3	NODE_17_length_306394_cov_217.326416	100.0		True
CONTIG	NODE_17_length_306394_cov_217.326416	306394	correct
101190	160863	59674	1	NC_000964.3_NC_000964.3	NODE_64_length_59674_cov_176.109864	100.0		True
CONTIG	NODE_64_length_59674_cov_176.109864	59674	correct
35314	90495	55182	1	NC_000964.3_NC_000964.3	NODE_68_length_55182_cov_186.108749	100.0		True
CONTIG	NODE_68_length_55182_cov_186.108749	55182	correct
14789	30249	15461	1	NC_000964.3_NC_000964.3	NODE_105_length_15461_cov_182.743217	100.0		True
CONTIG	NODE_105_length_15461_cov_182.743217	15461	correct
1967586	1981122	1	13537	NC_000964.3_NC_000964.3	NODE_109_length_13537_cov_312.259605	99.65		True
CONTIG	NODE_109_length_13537_cov_312.259605	13537	correct
1981068	1993849	1	12782	NC_000964.3_NC_000964.3	NODE_111_length_12782_cov_203.450774	100.0		True
CONTIG	NODE_111_length_12782_cov_203.450774	12782	correct
637073	640254	3182	1	NC_000964.3_NC_000964.3	NODE_125_length_3182_cov_1783.077710	99.94		True
CONTIG	NODE_125_length_3182_cov_1783.077710	3182	correct
96392	98018	1627	1	NC_000964.3_NC_000964.3	NODE_138_length_1627_cov_1825.462468	100.0		True
CONTIG	NODE_138_length_1627_cov_1825.462468	1627	correct
165776	166459	685	1	NC_000964.3_NC_000964.3	NODE_153_length_685_cov_633.595238	99.56		True
CONTIG	NODE_153_length_685_cov_633.595238	685	correct
