S1	E1	S2	E2	Reference	Contig	IDY	Ambiguous	Best_group
952152	2152046	1	1199874	NC_000964.3_NC_000964.3	NODE_1_length_2086696_cov_76.802883	99.99		True
relocation, inconsistency = 134402
2286449	3173278	1199875	2086696	NC_000964.3_NC_000964.3	NODE_1_length_2086696_cov_76.802883	100.0		True
CONTIG	NODE_1_length_2086696_cov_76.802883	2086696	misassembled
3178740	4215606	1	1036878	NC_000964.3_NC_000964.3	NODE_2_length_1046588_cov_91.032134	99.99		True
CONTIG	NODE_2_length_1046588_cov_91.032134	1046588	correct
260517	635488	374967	1	NC_000964.3_NC_000964.3	NODE_5_length_459001_cov_101.485488	99.98		True
local misassembly
176276	260306	459001	374968	NC_000964.3_NC_000964.3	NODE_5_length_459001_cov_101.485488	99.99		True
CONTIG	NODE_5_length_459001_cov_101.485488	459001	correct
640201	946594	1	306394	NC_000964.3_NC_000964.3	NODE_17_length_306394_cov_92.020637	100.0		True
CONTIG	NODE_17_length_306394_cov_92.020637	306394	correct
101190	160863	1	59674	NC_000964.3_NC_000964.3	NODE_62_length_59674_cov_53.474278	100.0		True
CONTIG	NODE_62_length_59674_cov_53.474278	59674	correct
35314	90554	1	55241	NC_000964.3_NC_000964.3	NODE_66_length_55241_cov_67.415903	100.0		True
CONTIG	NODE_66_length_55241_cov_67.415903	55241	correct
14789	30249	1	15461	NC_000964.3_NC_000964.3	NODE_102_length_15461_cov_60.807478	100.0		True
CONTIG	NODE_102_length_15461_cov_60.807478	15461	correct
637073	640254	1	3182	NC_000964.3_NC_000964.3	NODE_126_length_3182_cov_412.314359	99.97		True
CONTIG	NODE_126_length_3182_cov_412.314359	3182	correct
946697	948323	1	1627	NC_000964.3_NC_000964.3	NODE_137_length_1627_cov_403.328244	100.0		True
CONTIG	NODE_137_length_1627_cov_403.328244	1627	correct
